N_HI,b_param_km_s
1.378386e+13,6.704946e+01
1.200015e+12,2.247269e+01
1.042795e+12,2.526224e+01
1.983497e+12,4.235097e+01
1.720460e+12,2.464641e+01
5.227984e+19,2.104669e+01
5.227984e+19,3.895917e+01
5.227984e+19,3.584565e+01
5.227984e+19,3.945647e+01
5.227984e+19,3.946750e+01
5.227984e+19,3.946912e+01
5.227984e+19,3.947117e+01
5.227984e+19,3.948136e+01
5.227984e+19,3.948412e+01
5.227984e+19,3.959205e+01
5.227984e+19,3.961547e+01
5.227984e+19,3.963055e+01
5.227984e+19,3.964901e+01
5.227984e+19,3.968975e+01
5.227984e+19,3.971674e+01
5.227984e+19,3.974793e+01
5.227984e+19,3.977173e+01
5.227984e+19,3.983023e+01
5.227984e+19,3.984882e+01
5.227984e+19,3.990428e+01
5.227984e+19,3.991683e+01
5.227984e+19,3.993554e+01
5.227984e+19,3.996484e+01
5.227984e+19,3.998131e+01
5.227984e+19,3.999799e+01
5.227984e+19,4.000239e+01
5.227984e+19,3.999591e+01
5.227984e+19,3.998552e+01
5.227984e+19,3.996489e+01
5.227984e+19,3.987478e+01
5.227984e+19,3.487781e+01
1.396100e+12,3.763851e+01
1.812934e+12,3.821869e+01
1.895793e+12,4.613353e+01
1.895793e+12,4.613352e+01
2.905960e+12,3.760001e+01
1.053795e+12,2.891480e+01
6.698572e+12,3.622175e+01
5.965137e+12,4.900147e+01
1.788633e+12,4.804229e+01
1.301235e+12,7.646703e+01
1.636162e+12,3.260357e+01
1.147745e+12,3.924783e+01
1.147745e+12,3.925163e+01
1.018721e+12,5.885288e+01
1.248488e+12,2.565546e+01
1.396367e+13,3.024769e+01
1.002167e+12,6.667724e+01
1.002167e+12,6.667769e+01
1.649762e+12,7.579719e+01
1.903317e+12,3.122594e+01
3.696800e+12,6.033242e+01
1.324703e+12,7.033661e+01
1.034349e+12,2.389696e+01
1.368804e+12,2.884484e+01
2.832484e+12,4.643169e+01
1.201714e+12,2.398453e+01
1.197461e+16,1.677929e+01
5.771873e+12,3.255554e+01
1.035441e+12,4.002391e+01
1.362453e+12,5.205959e+01
1.362453e+12,5.204848e+01
1.146449e+13,5.159645e+01
1.703136e+12,3.283179e+01
1.667172e+12,4.541422e+01
6.895445e+16,1.629627e+01
1.078400e+12,4.506702e+01
4.526855e+13,2.585375e+01
1.234216e+12,2.739770e+01
8.144838e+12,3.487676e+01
2.378714e+12,2.583708e+01
1.323287e+12,6.251552e+01
1.843604e+12,3.507488e+01
1.474787e+16,1.670525e+01
2.834894e+12,2.993127e+01
2.834894e+12,2.993125e+01
2.834169e+13,2.783464e+01
2.116980e+12,2.489303e+01
2.116980e+12,2.489295e+01
2.342863e+12,3.541175e+01
1.930429e+18,1.400862e+01
1.043459e+12,3.650908e+01
2.236543e+12,3.339194e+01
2.147654e+13,2.599354e+01
3.839473e+12,2.431020e+01
2.384647e+12,3.288304e+01
1.130429e+20,3.624646e+01
1.130429e+20,4.065479e+01
1.130429e+20,4.103686e+01
1.130429e+20,4.079105e+01
1.130429e+20,4.059309e+01
1.130429e+20,3.997421e+01
1.130429e+20,3.996146e+01
1.130429e+20,3.995112e+01
1.130429e+20,3.994617e+01
1.130429e+20,3.993331e+01
1.130429e+20,3.989925e+01
1.130429e+20,3.981568e+01
1.130429e+20,3.979590e+01
1.130429e+20,3.976596e+01
1.130429e+20,3.964960e+01
1.130429e+20,3.963379e+01
1.130429e+20,3.620059e+01
1.130429e+20,2.558770e+01
1.020289e+12,2.413130e+01
4.447881e+17,1.678109e+01
1.642120e+12,2.491523e+01
6.283078e+12,5.762577e+01
6.283078e+12,5.762616e+01
6.283078e+12,5.762645e+01
5.171768e+12,5.439577e+01
3.131564e+14,4.121157e+01
3.131564e+14,4.121160e+01
3.131564e+14,4.121129e+01
1.432333e+12,4.881891e+01
1.432914e+13,2.842194e+01
1.217142e+12,2.199739e+01
1.026242e+12,3.362187e+01
8.012104e+17,3.427274e+01
8.012104e+17,1.503457e+01
4.664935e+14,4.617476e+01
4.664935e+14,4.617261e+01
4.664935e+14,4.617458e+01
4.914273e+12,3.415834e+01
1.568646e+14,2.984421e+01
4.250428e+12,3.276308e+01
9.608619e+12,2.871563e+01
9.608619e+12,2.871567e+01
2.176879e+13,5.207783e+01
2.370823e+12,2.789829e+01
1.206073e+12,6.370167e+01
1.104504e+12,4.799789e+01
2.105039e+12,5.839083e+01
2.565208e+12,2.716056e+01
5.869975e+13,2.833409e+01
1.897948e+12,4.918325e+01
1.897948e+12,4.918494e+01
1.656228e+12,3.186791e+01
2.067780e+12,2.481753e+01
4.876807e+12,3.420062e+01
2.736163e+12,3.356780e+01
1.062404e+13,4.232820e+01
2.207997e+13,3.383528e+01
1.754448e+12,2.662748e+01
1.482676e+13,3.181597e+01
1.332881e+12,3.310351e+01
6.160247e+12,4.130297e+01
1.496283e+12,3.343876e+01
1.496283e+12,3.343757e+01
1.009001e+12,6.778315e+01
2.234786e+12,2.551504e+01
6.983120e+14,2.494951e+01
6.150807e+13,3.246079e+01
1.825798e+12,3.833942e+01
1.825798e+12,3.833908e+01
1.258357e+12,5.742228e+01
3.410185e+12,3.725463e+01
4.878334e+12,2.760765e+01
2.235161e+12,3.769915e+01
2.152658e+12,5.971685e+01
2.175956e+12,2.608249e+01
8.366971e+13,3.037892e+01
1.061586e+12,2.161004e+01
1.666217e+12,3.058302e+01
2.018002e+12,2.387199e+01
1.209095e+12,2.833971e+01
1.202724e+12,6.507926e+01
2.046472e+12,4.100251e+01
3.650110e+12,3.248510e+01
1.116856e+12,3.599460e+01
1.028651e+12,3.437773e+01
2.182071e+12,4.624876e+01
1.102629e+12,3.701550e+01
1.346609e+12,2.571318e+01
2.256536e+12,3.798828e+01
5.537744e+12,2.286243e+01
1.312228e+12,5.359746e+01
1.316558e+12,2.255754e+01
2.141940e+12,4.595307e+01
2.141940e+12,4.595355e+01
1.141407e+12,3.445970e+01
1.461943e+12,3.442433e+01
1.417325e+12,2.781920e+01
4.125423e+12,3.090567e+01
4.557308e+12,3.827809e+01
3.624281e+12,3.987830e+01
1.384000e+12,4.097834e+01
3.556798e+15,1.973542e+01
9.598391e+13,2.585162e+01
2.435330e+13,3.611872e+01
2.435330e+13,3.611876e+01
1.011682e+12,3.073601e+01
1.435366e+12,3.343375e+01
1.124298e+12,4.987286e+01
1.332132e+15,2.070598e+01
1.660612e+12,2.469712e+01
5.081174e+12,6.158767e+01
1.615169e+12,2.405893e+01
2.511275e+12,4.613622e+01
2.511275e+12,4.613721e+01
1.498473e+16,4.119331e+01
1.498473e+16,4.119329e+01
1.368602e+12,2.565274e+01
1.282134e+12,2.642496e+01
1.127063e+12,2.425744e+01
1.772602e+17,3.382855e+01
1.772602e+17,1.991010e+01
2.312522e+18,5.810278e+01
2.312522e+18,2.422329e+01
2.312522e+18,2.422000e+01
2.175701e+12,3.909089e+01
3.907659e+12,3.610617e+01
1.954563e+12,4.124844e+01
1.257844e+16,1.912328e+01
1.671021e+12,3.678096e+01
1.103514e+12,2.888358e+01
1.734093e+13,4.436990e+01
2.575503e+12,4.481569e+01
3.340751e+12,4.969496e+01
1.404423e+12,4.627145e+01
1.161893e+12,2.446934e+01
2.645555e+12,4.584090e+01
4.435762e+12,3.824382e+01
1.271584e+13,2.664661e+01
1.967665e+13,2.467407e+01
1.967665e+13,2.467409e+01
1.027328e+12,4.996170e+01
1.027328e+12,4.996235e+01
2.161147e+12,4.847847e+01
2.161147e+12,3.383525e+01
3.971044e+12,3.910311e+01
1.575450e+19,3.884417e+01
1.575450e+19,3.867784e+01
1.575450e+19,3.949264e+01
1.575450e+19,3.994350e+01
1.575450e+19,3.994398e+01
1.575450e+19,3.694700e+01
1.575450e+19,1.995647e+01
1.575450e+19,2.333567e+01
1.575450e+19,1.518624e+01
3.629455e+13,3.013933e+01
4.105075e+12,2.426617e+01
1.669267e+12,3.160110e+01
6.760968e+14,4.556611e+01
6.760968e+14,4.556502e+01
6.760968e+14,4.556678e+01
1.402759e+12,6.288114e+01
1.175924e+12,2.514320e+01
3.999066e+12,3.302204e+01
1.360327e+12,2.571767e+01
2.379191e+12,4.385943e+01
3.200878e+12,4.434097e+01
1.465038e+12,2.284199e+01
2.545025e+12,5.255870e+01
2.545025e+12,5.255849e+01
1.167850e+12,3.639895e+01
3.664441e+12,5.792175e+01
8.974789e+13,3.076647e+01
2.137303e+12,2.695989e+01
5.986023e+12,3.133163e+01
5.986023e+12,3.133173e+01
1.416417e+12,2.603998e+01
5.005503e+13,2.378209e+01
1.100871e+14,2.466767e+01
1.031337e+12,2.986940e+01
5.393615e+12,3.048046e+01
1.017417e+12,3.530018e+01
1.913234e+12,3.429352e+01
1.913234e+12,3.429335e+01
2.332042e+12,2.742917e+01
4.566574e+12,3.454530e+01
1.904063e+15,2.367180e+01
2.040347e+12,6.252655e+01
2.040347e+12,6.252296e+01
1.986641e+12,3.824734e+01
3.825623e+12,2.473916e+01
1.680933e+12,2.499342e+01
1.304190e+12,7.072157e+01
1.304190e+12,7.072157e+01
7.245063e+12,3.991104e+01
1.586779e+12,3.992749e+01
1.845201e+12,4.527984e+01
5.771868e+12,2.539403e+01
2.342567e+13,3.074393e+01
1.656668e+12,3.139469e+01
1.656668e+12,2.506744e+01
1.992389e+12,7.022011e+01
2.157682e+12,4.792283e+01
3.938293e+12,2.650561e+01
1.638862e+13,2.795861e+01
2.994607e+12,5.738299e+01
2.994607e+12,5.738132e+01
2.220771e+12,6.406018e+01
4.072366e+16,2.580812e+01
1.663999e+12,5.132619e+01
1.663999e+12,5.132303e+01
1.724900e+18,1.419854e+01
1.724900e+18,2.722942e+01
1.654618e+18,1.365986e+01
2.131371e+12,4.068720e+01
8.111397e+12,6.068453e+01
2.445506e+12,3.210782e+01
1.511309e+12,2.421616e+01
1.216144e+13,3.483390e+01
1.601398e+12,2.333840e+01
1.153540e+12,2.489725e+01
1.330914e+12,2.574730e+01
2.020205e+12,2.113643e+01
2.020205e+12,4.357993e+01
1.344590e+12,3.520267e+01
1.296837e+14,3.400324e+01
1.523924e+12,4.175885e+01
1.078360e+12,2.650970e+01
1.003631e+12,6.555532e+01
1.905688e+13,3.877368e+01
2.173096e+12,6.295162e+01
2.173096e+12,6.295185e+01
3.973829e+14,2.190804e+01
4.146148e+12,4.125065e+01
4.560087e+12,2.598308e+01
1.576321e+14,2.906977e+01
1.576321e+14,2.907004e+01
1.576321e+14,2.907003e+01
4.628153e+12,3.122412e+01
2.653428e+13,3.373214e+01
1.108298e+12,4.403100e+01
3.044697e+12,4.411614e+01
3.044697e+12,4.411584e+01
1.313072e+12,2.783698e+01
2.397044e+13,4.197335e+01
2.397044e+13,3.394977e+01
1.977229e+12,2.835989e+01
6.991090e+12,3.139535e+01
7.544159e+12,5.245121e+01
3.344177e+12,2.726518e+01
3.344177e+12,2.726516e+01
2.340023e+12,5.988252e+01
1.281399e+12,4.566019e+01
1.248017e+12,2.776634e+01
1.166087e+12,2.681785e+01
1.050840e+12,2.381354e+01
1.817110e+12,4.143144e+01
1.084885e+12,3.101342e+01
2.523580e+12,5.601501e+01
2.523580e+12,5.601576e+01
2.637380e+12,3.688082e+01
3.968995e+12,5.585729e+01
3.968995e+12,5.585638e+01
1.200571e+12,6.473516e+01
1.200571e+12,6.473523e+01
8.078133e+12,3.400743e+01
1.792418e+12,5.286140e+01
8.020487e+13,2.564374e+01
8.020487e+13,2.564374e+01
7.758455e+12,3.192483e+01
4.263986e+12,4.015053e+01
9.448353e+12,3.422991e+01
1.819181e+13,4.839319e+01
2.483284e+12,4.939518e+01
1.280590e+12,6.550551e+01
1.280590e+12,6.550604e+01
2.662956e+12,3.667465e+01
4.819572e+12,4.914867e+01
6.241385e+12,7.084382e+01
2.815324e+12,3.485477e+01
2.580800e+14,2.575707e+01
6.649385e+12,4.381168e+01
3.847564e+12,3.258436e+01
1.613903e+12,2.801059e+01
1.634143e+12,2.782982e+01
2.513237e+12,4.283311e+01
2.513237e+12,4.283295e+01
1.850147e+14,3.632301e+01
1.088066e+12,7.802472e+01
1.301019e+13,3.250137e+01
1.685114e+12,3.762980e+01
4.196745e+12,3.857437e+01
1.523372e+12,3.073629e+01
1.099288e+12,3.344637e+01
4.913522e+12,3.005211e+01
1.312611e+12,3.251342e+01
1.733622e+12,2.745635e+01
4.785577e+12,4.757319e+01
2.993338e+12,2.819003e+01
1.635132e+12,7.544663e+01
1.679359e+12,2.844453e+01
1.395345e+12,3.152783e+01
1.308335e+13,3.370896e+01
9.075729e+14,2.619825e+01
3.379953e+12,5.086173e+01
1.138283e+12,3.181384e+01
6.615314e+12,3.206673e+01
4.684040e+12,5.786394e+01
1.641819e+12,4.853007e+01
1.308368e+12,3.128982e+01
1.068347e+12,2.312367e+01
1.215107e+12,5.301614e+01
1.866825e+12,3.116788e+01
2.437391e+13,6.786660e+01
2.437391e+13,6.786599e+01
5.314979e+12,4.206894e+01
1.017407e+12,2.565404e+01
1.017407e+12,2.565394e+01
2.403102e+12,4.078748e+01
1.244339e+12,4.023187e+01
5.704838e+15,2.036623e+01
1.712987e+12,3.929649e+01
1.712987e+12,3.929684e+01
4.958592e+14,2.026986e+01
1.655014e+12,3.097952e+01
1.810740e+12,3.266451e+01
1.337312e+12,4.676453e+01
2.093022e+12,5.477145e+01
2.093022e+12,5.477030e+01
1.386166e+12,3.708428e+01
3.264609e+12,3.436304e+01
3.685685e+12,6.493635e+01
1.029217e+12,4.640600e+01
1.409953e+12,2.704623e+01
3.138840e+12,3.996811e+01
3.532799e+15,1.988588e+01
2.795591e+13,2.770729e+01
1.136554e+12,2.914298e+01
2.424892e+12,4.989395e+01
1.258046e+12,2.674970e+01
1.203525e+12,4.368847e+01
5.645023e+12,5.817310e+01
9.608456e+17,1.429762e+01
1.151726e+12,2.444253e+01
8.570784e+13,2.319970e+01
8.570784e+13,2.319968e+01
1.538393e+12,2.338205e+01
1.835822e+14,3.243502e+01
1.344162e+12,3.260426e+01
1.044274e+12,3.692909e+01
1.338188e+12,2.618250e+01
1.732819e+12,4.066317e+01
3.051031e+13,4.438618e+01
8.736844e+12,3.417509e+01
8.736844e+12,3.417504e+01
4.011319e+12,4.816202e+01
1.510719e+12,3.357541e+01
2.832872e+12,2.474816e+01
1.567922e+12,2.825716e+01
1.435113e+12,2.482747e+01
1.406652e+13,3.454796e+01
1.451099e+12,5.832748e+01
1.451099e+12,5.832111e+01
1.451099e+12,4.806725e+01
2.700447e+12,4.651773e+01
1.836600e+12,5.365108e+01
1.113352e+12,4.356315e+01
5.602509e+12,3.940912e+01
7.222217e+12,3.331053e+01
1.125460e+12,1.972991e+01
7.246477e+16,2.185910e+01
2.002150e+13,2.991931e+01
7.779745e+12,2.652093e+01
1.888939e+12,2.296266e+01
1.888939e+12,2.762520e+01
1.464927e+12,3.533086e+01
4.606901e+12,2.587352e+01
3.284584e+19,3.366613e+01
3.284584e+19,1.834803e+01
2.073754e+13,2.784097e+01
1.088497e+12,6.086385e+01
1.088497e+12,6.085562e+01
1.020145e+12,2.444487e+01
2.902478e+12,2.980074e+01
1.149401e+12,3.005288e+01
8.558035e+17,1.320587e+01
8.558035e+17,3.626683e+01
4.576516e+12,2.784821e+01
1.636633e+14,2.938230e+01
1.414269e+12,2.437732e+01
1.304578e+13,3.216754e+01
1.043514e+12,2.335172e+01
3.346467e+12,2.908496e+01
2.036162e+13,5.145976e+01
2.161040e+14,4.051463e+01
2.161040e+14,2.690240e+01
3.082892e+13,2.602642e+01
1.510631e+12,3.916899e+01
1.240435e+12,4.752978e+01
1.676987e+12,2.602613e+01
1.263864e+12,5.518772e+01
1.144354e+12,2.624983e+01
3.133797e+17,3.225370e+01
3.133797e+17,2.117114e+01
1.064744e+12,3.253794e+01
6.452740e+15,2.038134e+01
2.761663e+12,4.167724e+01
6.570511e+17,1.330151e+01
2.448230e+12,3.360319e+01
1.641579e+12,4.840548e+01
1.813173e+17,1.695611e+01
1.268347e+13,4.117653e+01
2.364036e+12,2.986708e+01
1.737192e+12,7.328434e+01
1.741339e+15,2.177332e+01
1.741339e+15,2.177332e+01
1.977512e+12,3.585601e+01
2.712642e+14,4.577001e+01
2.712642e+14,2.714964e+01
3.877084e+12,4.882173e+01
9.575261e+15,1.771783e+01
6.859395e+17,1.881705e+01
6.859395e+17,3.492100e+01
6.859395e+17,2.875275e+01
3.629396e+12,2.858208e+01
6.500614e+12,3.246369e+01
3.370548e+12,5.002813e+01
1.243953e+13,2.989692e+01
4.051166e+12,3.618497e+01
2.186926e+12,3.160533e+01
1.768343e+12,5.479411e+01
1.568898e+13,3.833748e+01
3.242506e+12,5.889426e+01
1.106351e+13,3.363099e+01
2.318319e+12,3.309010e+01
4.212224e+12,4.043603e+01
1.134254e+14,2.508909e+01
1.923352e+12,5.151902e+01
2.073156e+12,3.998911e+01
2.465622e+12,3.034545e+01
1.829034e+12,3.072625e+01
5.301522e+16,1.603635e+01
2.905455e+12,3.265108e+01
1.541624e+12,2.958007e+01
9.005484e+12,2.906586e+01
1.051235e+12,4.229169e+01
1.365831e+12,2.433775e+01
1.698075e+12,3.404026e+01
1.059208e+13,5.745572e+01
3.563351e+12,3.732509e+01
2.552559e+12,3.077858e+01
1.802147e+13,4.140706e+01
7.130703e+12,3.585186e+01
1.018657e+12,3.774934e+01
5.146686e+12,4.798872e+01
4.401248e+12,5.743317e+01
4.401248e+12,5.743338e+01
1.155632e+12,2.996850e+01
1.010399e+12,3.413090e+01
1.285464e+15,2.207978e+01
2.135343e+12,7.442981e+01
2.135343e+12,7.442987e+01
9.157052e+12,3.706743e+01
1.851892e+12,3.825708e+01
8.415176e+12,3.474141e+01
2.198818e+12,3.962924e+01
1.102173e+12,4.757886e+01
1.102173e+12,4.758150e+01
1.222371e+12,2.422406e+01
3.066301e+12,4.399269e+01
9.438191e+12,4.447848e+01
1.315405e+12,3.680551e+01
2.203530e+12,2.297503e+01
1.559092e+12,5.289159e+01
2.474746e+12,2.574105e+01
1.553414e+12,6.196149e+01
1.100712e+12,4.348858e+01
6.338818e+12,3.286547e+01
4.263424e+13,2.649940e+01
4.898279e+12,4.036672e+01
1.162625e+16,1.853550e+01
1.686732e+12,4.235482e+01
1.469076e+13,4.593424e+01
2.239868e+12,4.997033e+01
2.239868e+12,4.996983e+01
1.945792e+12,5.109625e+01
2.439373e+12,5.384623e+01
1.908209e+12,4.324203e+01
1.004590e+12,2.355832e+01
2.536256e+12,4.212893e+01
4.327680e+15,1.858871e+01
2.004385e+12,2.613738e+01
1.813979e+13,3.385164e+01
1.870603e+12,6.315967e+01
4.317445e+12,3.953366e+01
2.317114e+13,2.568125e+01
2.317114e+13,2.568119e+01
1.221170e+12,3.578336e+01
2.030101e+12,3.990111e+01
2.290050e+12,2.742697e+01
7.445995e+12,3.377368e+01
7.566263e+12,3.246999e+01
1.020494e+12,3.473817e+01
1.111086e+13,3.196968e+01
3.400464e+12,5.412485e+01
3.400464e+12,5.412172e+01
5.034881e+12,2.815694e+01
1.099914e+12,3.136495e+01
1.083944e+12,4.627324e+01
1.488472e+12,2.989246e+01
4.843512e+12,3.672553e+01
1.758015e+12,3.071178e+01
1.209972e+12,3.702004e+01
9.435963e+12,4.659537e+01
1.557144e+12,3.128856e+01
5.873695e+13,3.377323e+01
4.891753e+12,6.203713e+01
4.891753e+12,4.180709e+01
4.891753e+12,4.180697e+01
2.639113e+12,3.618174e+01
4.948399e+12,6.591452e+01
4.948399e+12,6.591472e+01
4.948399e+12,6.591418e+01
5.242830e+12,3.782725e+01
1.934247e+14,4.609684e+01
1.934247e+14,4.609683e+01
8.329925e+17,1.747611e+01
1.304666e+12,2.609403e+01
6.186779e+12,5.684988e+01
1.696137e+12,3.345464e+01
1.696137e+12,5.542872e+01
2.133504e+12,3.737553e+01
1.811852e+12,2.877973e+01
3.007394e+12,3.110179e+01
1.202728e+12,2.975997e+01
1.320209e+12,4.289311e+01
1.981176e+12,7.657783e+01
1.050812e+12,2.377798e+01
1.219073e+12,4.323581e+01
3.366237e+12,6.725607e+01
8.114664e+19,3.794688e+01
8.114664e+19,3.971817e+01
8.114664e+19,3.984239e+01
8.114664e+19,3.994316e+01
8.114664e+19,3.999513e+01
8.114664e+19,3.998982e+01
8.114664e+19,3.989512e+01
8.114664e+19,3.979487e+01
8.114664e+19,3.961187e+01
8.114664e+19,3.954821e+01
8.114664e+19,2.195218e+01
1.301383e+12,4.932429e+01
1.426765e+12,5.871616e+01
1.597521e+12,5.565879e+01
1.597521e+12,5.565889e+01
2.271240e+12,2.812364e+01
2.346344e+12,2.472138e+01
1.231749e+13,7.393353e+01
1.231749e+13,7.393326e+01
3.594647e+12,2.959118e+01
4.616691e+12,4.550345e+01
2.861240e+12,2.839880e+01
3.489800e+15,2.294434e+01
3.897719e+12,5.116247e+01
1.039903e+12,4.580483e+01
1.039903e+12,4.580547e+01
9.333793e+13,2.520324e+01
2.779653e+12,2.705374e+01
7.253617e+12,3.582840e+01
7.253617e+12,3.582844e+01
1.871277e+12,3.576087e+01
3.407238e+12,4.360260e+01
1.006110e+12,4.412007e+01
1.871241e+12,2.902173e+01
1.790270e+12,5.575538e+01
2.480768e+12,2.881777e+01
2.480768e+12,2.881820e+01
2.175302e+12,6.367986e+01
2.175302e+12,6.367618e+01
4.478428e+12,4.207546e+01
1.719207e+12,2.909687e+01
2.215021e+13,2.861737e+01
1.699096e+13,5.029052e+01
1.209356e+20,2.476500e+01
1.209356e+20,2.476493e+01
1.209356e+20,3.941217e+01
1.209356e+20,3.936524e+01
1.209356e+20,3.936124e+01
1.209356e+20,3.937420e+01
1.209356e+20,3.939277e+01
1.209356e+20,3.990984e+01
1.209356e+20,3.991826e+01
1.209356e+20,3.989662e+01
1.209356e+20,3.989389e+01
1.209356e+20,3.990243e+01
1.209356e+20,3.991346e+01
1.209356e+20,3.988893e+01
1.209356e+20,3.960679e+01
1.209356e+20,3.947835e+01
1.209356e+20,3.725524e+01
1.100359e+12,3.538082e+01
6.353565e+12,7.020134e+01
2.837265e+12,4.398021e+01
4.325707e+12,5.206946e+01
1.893985e+13,4.423239e+01
6.677962e+12,3.261584e+01
6.677962e+12,3.261616e+01
1.240737e+12,3.556479e+01
1.240737e+12,3.556610e+01
3.696154e+13,3.037932e+01
3.696154e+13,3.037920e+01
1.001904e+12,2.409271e+01
7.784121e+12,3.064077e+01
3.644053e+12,2.433194e+01
1.016630e+12,3.078368e+01
8.937494e+12,2.519444e+01
1.888696e+13,2.924862e+01
1.342297e+12,2.510359e+01
1.169793e+12,2.434524e+01
1.255184e+14,2.540467e+01
1.742389e+12,3.406731e+01
1.942415e+16,1.906365e+01
1.810035e+12,4.346133e+01
1.205520e+12,6.991459e+01
1.205520e+12,6.991467e+01
1.356893e+12,2.774200e+01
3.151716e+12,4.232259e+01
3.967997e+19,3.837504e+01
3.967997e+19,2.824137e+01
1.157744e+12,3.314681e+01
1.645319e+12,3.279357e+01
1.645319e+12,3.279357e+01
2.444512e+12,4.142258e+01
2.444512e+12,4.142296e+01
1.326013e+12,2.281489e+01
1.429587e+12,2.358740e+01
1.112681e+13,4.070027e+01
2.128079e+14,2.588309e+01
1.809338e+12,7.013439e+01
7.413741e+12,2.845197e+01
1.566060e+12,4.198977e+01
5.851908e+13,2.857736e+01
6.156433e+12,5.101323e+01
1.518369e+13,3.438367e+01
2.326607e+12,3.126360e+01
4.157700e+12,2.826419e+01
1.449585e+12,2.856241e+01
1.026347e+12,5.122049e+01
2.580004e+12,4.329931e+01
1.041320e+16,2.040780e+01
2.995639e+12,2.827200e+01
1.128031e+12,5.965925e+01
1.193863e+12,4.281365e+01
3.573879e+12,2.551629e+01
3.573879e+12,3.757762e+01
1.536511e+13,4.133494e+01
1.536511e+13,4.133519e+01
2.945107e+12,3.405826e+01
9.014170e+12,3.042724e+01
1.322460e+12,5.254975e+01
1.260064e+12,2.950628e+01
1.260064e+12,2.950650e+01
2.950885e+12,3.468412e+01
2.950885e+12,3.468405e+01
5.715777e+12,5.236629e+01
2.253123e+12,3.354209e+01
2.388070e+12,3.929849e+01
4.647841e+12,4.703022e+01
4.647841e+12,4.702865e+01
1.189934e+12,5.129553e+01
1.053519e+12,6.370136e+01
1.512060e+13,4.066093e+01
4.029108e+12,5.266705e+01
4.029108e+12,5.266686e+01
4.135224e+12,3.644002e+01
1.882728e+12,2.759541e+01
3.625659e+12,4.011727e+01
5.884603e+12,5.619501e+01
1.036605e+12,2.071710e+01
5.321579e+12,4.218204e+01
1.598448e+12,2.281554e+01
2.718371e+12,2.651477e+01
7.130169e+12,3.591770e+01
2.292233e+14,3.100509e+01
4.733057e+12,4.996433e+01
1.259614e+12,2.207651e+01
1.083758e+12,2.524542e+01
1.835900e+12,3.390331e+01
2.393021e+12,2.337117e+01
1.712875e+12,2.414178e+01
1.041948e+12,2.976119e+01
4.132007e+13,3.019490e+01
1.098273e+12,2.423713e+01
1.785097e+14,3.233782e+01
1.051347e+12,3.428801e+01
2.835981e+12,4.119856e+01
2.349621e+13,5.325102e+01
1.720759e+12,4.871804e+01
2.363238e+12,3.889002e+01
2.684031e+12,3.431738e+01
1.036915e+15,2.676746e+01
1.791768e+12,3.311967e+01
1.585707e+19,2.940955e+01
1.585707e+19,2.940947e+01
1.585707e+19,6.661635e+01
3.249830e+12,7.693282e+01
2.915576e+12,2.325292e+01
3.959337e+12,5.107824e+01
4.733833e+12,5.567144e+01
2.289361e+12,5.246857e+01
1.013596e+14,2.315510e+01
1.160639e+12,7.839997e+01
1.101304e+12,2.362881e+01
7.784691e+12,3.709049e+01
1.239946e+12,4.643916e+01
2.993060e+12,4.388147e+01
7.375131e+12,4.675761e+01
1.056225e+17,1.577718e+01
1.227861e+12,2.151387e+01
1.569132e+12,5.999155e+01
2.026610e+12,3.455368e+01
1.184148e+12,2.719649e+01
1.478060e+13,5.550995e+01
2.271868e+12,5.366496e+01
2.411132e+12,2.647379e+01
1.069194e+12,3.497907e+01
1.281531e+12,4.089538e+01
2.964502e+12,4.477749e+01
1.416195e+12,2.893020e+01
9.756127e+13,2.493247e+01
1.314910e+12,3.871737e+01
1.565766e+12,4.045702e+01
1.010468e+12,3.359602e+01
1.008611e+12,4.885984e+01
4.481570e+14,5.018384e+01
4.481570e+14,5.018403e+01
2.470276e+13,3.564757e+01
1.345329e+12,2.612375e+01
1.492137e+12,2.590839e+01
2.091574e+12,3.935979e+01
1.352263e+12,3.075524e+01
1.532374e+12,2.533686e+01
1.580531e+13,3.594175e+01
1.543330e+14,3.314778e+01
1.063795e+13,4.129922e+01
2.034458e+12,2.919911e+01
1.081159e+12,4.132408e+01
1.411713e+12,3.548396e+01
2.385650e+12,4.925720e+01
1.134461e+12,3.373006e+01
1.003879e+12,2.815261e+01
1.522033e+12,7.126422e+01
1.157116e+12,3.810207e+01
1.100731e+12,3.308402e+01
2.822739e+14,2.579254e+01
3.162525e+12,4.484247e+01
9.112863e+12,4.036115e+01
1.912451e+12,7.919265e+01
1.912451e+12,7.919393e+01
1.724883e+13,3.570873e+01
1.724883e+13,3.570870e+01
2.305915e+12,4.692706e+01
3.197737e+12,4.129835e+01
1.238700e+13,4.266060e+01
4.561939e+15,1.900618e+01
4.968174e+12,3.216526e+01
1.710171e+12,3.109672e+01
2.766411e+12,3.469292e+01
2.766411e+12,3.469269e+01
1.975522e+12,7.758853e+01
1.975522e+12,7.758837e+01
1.975522e+12,7.759102e+01
8.845425e+12,2.715175e+01
2.159134e+12,2.865536e+01
1.951447e+12,4.445877e+01
2.528912e+13,2.484697e+01
1.371530e+12,4.026228e+01
3.300445e+12,3.846323e+01
1.334372e+12,4.238590e+01
1.710940e+12,4.237599e+01
2.707746e+15,1.989613e+01
3.144795e+12,3.707570e+01
3.254983e+12,2.624977e+01
2.112249e+12,4.101580e+01
1.081595e+12,5.929436e+01
4.776656e+12,3.052211e+01
1.523293e+12,2.228952e+01
1.841471e+12,4.245265e+01
2.303005e+13,3.401438e+01
2.303005e+13,3.401441e+01
4.582885e+12,4.994672e+01
2.747784e+12,3.656827e+01
6.884505e+12,2.688115e+01
7.276961e+16,1.700734e+01
1.387192e+12,2.834467e+01
4.790128e+12,3.320968e+01
4.790128e+12,3.320976e+01
2.279350e+12,3.642375e+01
2.549412e+12,2.864178e+01
1.726390e+12,3.875647e+01
1.216720e+12,2.685293e+01
3.242819e+12,2.323507e+01
3.570637e+12,2.645088e+01
7.312382e+12,3.127001e+01
7.050419e+13,3.242660e+01
4.485273e+12,4.880737e+01
4.485273e+12,4.880743e+01
1.303636e+12,7.291876e+01
1.271222e+12,4.440601e+01
7.160510e+12,4.444674e+01
1.443411e+12,3.289877e+01
3.053203e+12,5.170490e+01
1.261480e+12,3.528019e+01
2.129819e+12,4.621471e+01
2.437120e+12,2.457136e+01
1.963054e+12,3.282834e+01
1.142304e+12,4.147358e+01
1.142304e+12,4.147432e+01
3.796915e+12,3.935023e+01
2.124184e+12,6.816378e+01
2.124184e+12,6.816371e+01
1.239619e+12,2.899568e+01
1.759033e+15,1.983092e+01
1.946441e+12,2.282098e+01
1.532341e+12,4.955502e+01
1.532341e+12,4.955496e+01
1.795143e+13,3.306202e+01
1.694706e+12,4.898177e+01
1.694706e+12,4.898049e+01
1.694706e+12,4.898223e+01
1.146857e+12,6.506676e+01
1.091820e+13,4.179574e+01
1.036174e+12,2.693176e+01
2.981919e+12,5.103341e+01
3.739278e+13,2.466228e+01
1.995627e+12,3.178596e+01
1.995627e+12,2.736682e+01
2.819312e+13,3.548045e+01
1.314452e+12,2.991950e+01
1.048673e+12,7.181146e+01
1.510795e+15,2.061162e+01
2.440077e+12,4.156898e+01
1.632445e+12,5.205487e+01
1.723465e+12,5.217014e+01
1.195696e+12,3.902649e+01
2.791356e+13,5.076531e+01
9.547649e+12,3.398751e+01
1.299069e+16,1.850072e+01
3.294904e+12,3.690238e+01
2.346558e+19,2.284116e+01
1.322931e+12,2.812929e+01
2.927659e+12,3.435864e+01
3.998361e+12,3.045223e+01
1.948792e+13,5.891053e+01
4.168184e+12,2.198463e+01
3.803826e+12,5.024997e+01
6.080174e+12,3.211012e+01
3.972843e+12,5.373207e+01
3.972843e+12,5.377954e+01
2.021306e+16,1.865880e+01
1.675259e+12,4.099954e+01
1.129715e+12,2.427763e+01
6.999117e+12,3.592706e+01
1.074651e+12,2.328017e+01
1.749346e+12,2.460083e+01
2.521003e+12,4.269931e+01
1.412172e+17,2.861597e+01
1.412172e+17,4.513990e+01
2.631518e+12,2.881170e+01
7.573868e+14,2.764652e+01
1.132065e+12,3.774910e+01
1.380328e+12,2.954642e+01
1.380328e+12,2.954690e+01
1.273694e+12,2.318089e+01
3.561673e+12,4.454341e+01
1.014552e+12,2.147863e+01
5.257399e+12,4.225702e+01
2.716868e+12,3.345529e+01
1.326434e+13,4.438744e+01
1.001577e+13,3.233908e+01
1.292025e+12,2.787942e+01
2.903310e+12,4.234308e+01
3.629422e+12,3.009479e+01
6.149297e+12,4.247757e+01
1.197196e+12,3.638054e+01
1.429998e+12,2.824773e+01
2.464396e+12,5.108851e+01
1.747565e+12,4.507659e+01
1.270515e+12,7.384111e+01
8.025294e+12,5.494628e+01
1.639285e+14,2.825693e+01
1.039016e+12,2.204674e+01
8.796475e+12,4.612855e+01
8.796475e+12,2.149329e+01
1.391564e+12,3.204294e+01
1.863518e+12,3.925525e+01
1.642495e+12,4.674223e+01
2.725090e+16,1.837236e+01
1.900285e+12,5.295431e+01
2.503329e+12,4.083117e+01
1.211658e+12,3.143468e+01
1.412381e+12,2.554951e+01
1.226979e+12,5.747852e+01
1.645197e+12,7.529922e+01
2.887761e+12,2.559962e+01
2.072939e+12,2.606799e+01
1.044325e+12,5.800444e+01
2.142626e+12,2.411193e+01
2.841432e+12,3.738224e+01
1.839853e+15,1.741034e+01
1.840004e+12,2.939890e+01
1.447970e+12,3.739435e+01
2.511114e+12,5.497466e+01
1.979739e+13,3.808939e+01
1.198926e+12,3.792746e+01
4.882164e+12,3.438843e+01
4.295930e+12,2.725335e+01
2.284749e+12,5.413553e+01
1.709158e+12,3.575484e+01
1.097027e+12,6.088608e+01
1.811724e+12,2.830889e+01
1.479991e+12,4.503436e+01
2.283280e+12,2.480582e+01
1.626273e+12,3.158426e+01
1.543736e+12,4.607770e+01
2.620785e+16,2.675760e+01
1.879534e+12,2.371833e+01
1.618272e+12,3.933524e+01
8.557897e+13,2.476201e+01
2.063050e+12,2.473484e+01
7.454507e+12,6.094149e+01
2.373618e+13,3.697683e+01
2.044893e+12,3.437908e+01
1.398516e+12,2.664354e+01
2.500514e+12,3.392526e+01
2.191116e+12,7.039633e+01
1.106112e+12,6.747663e+01
8.892873e+12,2.924926e+01
2.935275e+12,2.789040e+01
3.881326e+12,4.167105e+01
4.933827e+12,3.442812e+01
2.178095e+12,2.419899e+01
2.594249e+12,2.743390e+01
4.396258e+12,6.948167e+01
4.396258e+12,6.948193e+01
4.162297e+12,2.320730e+01
1.870258e+12,3.693910e+01
2.209764e+20,3.950202e+01
2.209764e+20,3.949066e+01
2.209764e+20,3.947859e+01
2.209764e+20,3.947800e+01
2.209764e+20,3.963997e+01
2.209764e+20,3.971908e+01
2.209764e+20,3.975538e+01
2.209764e+20,3.989301e+01
2.209764e+20,3.935905e+01
2.209764e+20,3.910891e+01
2.209764e+20,3.903154e+01
2.209764e+20,3.893666e+01
2.209764e+20,3.873630e+01
2.209764e+20,3.873704e+01
2.209764e+20,3.874097e+01
2.209764e+20,3.883617e+01
2.209764e+20,3.887464e+01
2.209764e+20,3.890757e+01
2.209764e+20,3.925615e+01
2.209764e+20,3.954502e+01
2.209764e+20,3.959450e+01
2.209764e+20,3.990468e+01
2.209764e+20,3.997949e+01
2.209764e+20,3.997787e+01
2.209764e+20,3.986560e+01
2.209764e+20,3.978348e+01
2.209764e+20,3.961371e+01
2.209764e+20,3.959077e+01
2.209764e+20,3.957135e+01
2.209764e+20,4.637075e+01
2.209764e+20,4.637081e+01
2.209764e+20,4.637064e+01
4.260758e+12,2.369515e+01
4.917621e+12,3.202344e+01
1.590143e+12,2.463386e+01
1.590143e+12,2.463411e+01
2.496486e+14,2.239717e+01
4.458254e+12,2.713272e+01
2.024808e+12,7.370384e+01
5.318954e+12,2.894181e+01
2.449760e+12,2.421417e+01
2.449760e+12,2.421416e+01
9.745718e+12,4.708110e+01
1.231854e+12,5.572156e+01
1.006088e+18,1.371709e+01
2.333077e+12,2.920890e+01
2.701918e+12,3.787525e+01
2.560183e+12,4.535688e+01
2.469258e+12,2.499635e+01
1.942564e+12,4.034270e+01
1.719225e+12,2.665309e+01
1.382234e+12,7.063566e+01
1.610313e+12,2.939999e+01
1.453130e+12,5.464243e+01
5.675955e+12,5.039038e+01
1.017725e+12,2.567255e+01
2.360107e+12,3.977765e+01
2.360107e+12,3.977719e+01
2.572052e+13,5.901207e+01
1.070609e+13,4.516875e+01
2.733016e+12,3.472210e+01
1.516149e+12,2.946136e+01
1.598297e+12,2.616156e+01
1.311905e+12,2.355344e+01
1.014120e+12,3.757681e+01
1.294926e+12,2.594659e+01
6.316071e+12,3.338972e+01
5.425083e+13,3.034651e+01
3.530672e+12,2.968380e+01
3.530672e+12,2.968338e+01
1.555888e+12,2.546125e+01
1.002366e+12,2.830357e+01
1.705966e+12,2.530429e+01
1.322922e+12,5.617263e+01
2.057662e+12,5.022007e+01
1.267703e+12,2.707652e+01
1.871825e+12,5.868788e+01
1.716086e+18,1.767778e+01
1.716086e+18,3.796834e+01
4.713476e+12,6.565905e+01
1.029640e+12,2.299077e+01
1.369166e+12,3.120426e+01
2.352858e+12,4.008395e+01
1.314695e+12,2.871245e+01
1.919773e+19,2.292556e+01
1.784090e+15,2.063310e+01
2.217107e+14,2.686551e+01
3.587089e+12,3.242848e+01
1.837116e+12,2.482899e+01
9.114064e+12,2.922969e+01
1.497378e+12,4.510339e+01
2.072363e+15,2.051992e+01
1.445269e+12,2.305598e+01
1.130026e+12,5.666050e+01
6.321800e+12,4.017209e+01
1.030145e+12,3.290552e+01
2.657020e+12,4.965132e+01
1.574204e+12,2.165215e+01
6.580015e+13,4.736504e+01
2.892847e+12,3.772909e+01
2.892847e+12,3.773113e+01
5.107621e+12,5.032364e+01
1.297137e+12,6.132962e+01
2.121772e+12,4.014639e+01
7.906072e+12,3.543690e+01
7.906072e+12,3.543727e+01
1.747357e+12,5.927126e+01
4.623436e+12,3.485346e+01
4.623436e+12,3.485352e+01
3.624067e+12,4.406344e+01
2.531516e+13,2.786270e+01
3.150042e+13,3.658321e+01
8.412367e+12,3.141280e+01
8.382836e+12,3.068367e+01
1.872726e+12,4.180075e+01
9.279916e+12,3.616902e+01
4.301062e+14,2.328710e+01
1.277531e+12,4.317783e+01
1.474215e+12,3.019587e+01
1.043275e+12,7.451381e+01
2.071442e+12,2.450337e+01
1.914705e+12,6.252848e+01
9.530068e+12,3.683561e+01
3.454295e+12,3.849223e+01
3.819633e+12,4.522419e+01
2.857313e+12,4.431713e+01
1.377413e+12,4.025443e+01
8.788528e+13,3.149085e+01
1.129198e+12,2.519491e+01
3.217346e+12,5.744475e+01
4.095574e+12,2.886616e+01
4.930790e+12,2.927307e+01
1.027394e+12,3.461257e+01
1.027394e+12,3.461213e+01
1.998740e+12,5.154973e+01
1.176431e+12,3.882009e+01
3.061258e+12,2.549257e+01
2.355099e+18,1.774240e+01
1.116604e+12,3.106335e+01
2.082127e+12,4.113750e+01
1.357609e+12,2.189162e+01
5.010135e+14,2.472223e+01
9.361752e+12,3.973971e+01
4.601951e+12,2.585493e+01
1.300795e+12,6.026923e+01
1.337504e+13,3.031793e+01
2.738752e+12,2.489874e+01
2.738752e+12,2.489879e+01
7.338044e+12,3.061233e+01
6.697073e+12,2.816804e+01
4.169277e+12,4.139505e+01
5.516544e+13,2.787075e+01
1.104870e+12,4.010235e+01
5.424596e+13,7.194888e+01
5.424596e+13,3.300239e+01
1.015793e+13,2.454352e+01
1.071708e+12,5.147054e+01
1.175089e+13,6.951480e+01
2.875077e+12,2.574189e+01
1.467463e+12,5.532701e+01
5.894787e+12,2.968845e+01
9.186757e+12,3.346772e+01
4.374883e+12,5.637584e+01
2.432440e+12,3.418665e+01
2.015192e+12,5.996187e+01
2.015192e+12,5.995840e+01
2.015192e+12,5.996222e+01
1.314327e+12,4.011203e+01
3.527583e+12,6.994264e+01
1.932615e+12,3.062892e+01
2.017958e+12,4.824235e+01
1.738104e+12,6.847953e+01
1.842192e+12,3.215102e+01
3.518458e+12,3.978233e+01
1.870345e+12,3.998972e+01
2.810552e+12,2.677685e+01
2.025615e+12,3.947688e+01
5.911198e+12,3.587736e+01
2.996843e+13,4.466896e+01
6.330338e+16,2.343590e+01
6.330338e+16,2.343363e+01
1.969019e+12,2.806695e+01
1.438601e+12,2.904440e+01
1.148596e+12,5.884634e+01
2.012373e+12,2.650249e+01
2.225653e+12,2.855229e+01
1.561378e+12,2.940052e+01
1.615836e+12,5.965256e+01
1.615836e+12,5.965448e+01
1.316042e+12,2.135185e+01
3.320847e+12,3.908934e+01
6.820885e+12,3.069109e+01
4.664863e+12,3.563157e+01
1.834754e+12,2.302217e+01
1.904084e+12,3.684902e+01
1.965588e+12,2.398615e+01
8.078911e+12,4.248606e+01
5.086065e+12,2.768067e+01
2.926130e+12,3.538725e+01
1.521749e+12,2.942944e+01
1.521749e+12,2.942887e+01
6.789479e+12,4.933756e+01
1.745842e+12,5.518631e+01
6.045921e+12,4.745551e+01
7.434183e+12,3.016057e+01
5.539231e+12,2.914919e+01
8.764505e+15,1.977955e+01
2.318511e+12,3.111456e+01
1.095210e+12,4.278971e+01
2.969469e+12,3.425100e+01
2.354124e+12,3.134711e+01
2.832218e+12,4.697137e+01
1.498824e+12,2.742660e+01
1.421230e+12,2.324008e+01
2.205204e+19,3.223593e+01
2.205204e+19,3.338537e+01
2.205204e+19,3.291195e+01
2.205204e+19,2.894273e+01
2.205204e+19,4.238612e+01
5.502997e+12,3.403437e+01
1.092446e+12,3.608302e+01
8.180993e+12,4.092356e+01
1.565337e+12,2.829140e+01
2.566839e+12,4.239006e+01
2.154101e+12,6.087016e+01
1.204790e+12,3.570421e+01
1.304841e+12,3.895578e+01
4.430653e+13,4.270667e+01
3.422172e+12,3.541799e+01
7.552314e+14,2.762772e+01
3.486083e+12,5.702451e+01
7.467863e+12,3.108456e+01
6.044069e+12,3.029255e+01
6.044069e+12,3.029237e+01
9.038594e+12,2.999994e+01
2.624304e+12,4.958053e+01
2.624304e+12,4.957669e+01
1.327761e+13,2.655601e+01
1.169058e+13,3.823912e+01
1.331585e+12,3.081284e+01
8.433671e+12,3.238002e+01
2.277005e+12,5.793675e+01
2.927502e+12,2.741283e+01
3.005052e+12,2.861486e+01
4.133975e+12,2.715238e+01
7.137912e+14,2.179997e+01
1.548506e+12,2.902019e+01
4.509790e+13,4.081322e+01
4.509790e+13,3.314022e+01
1.480230e+12,4.853677e+01
1.028191e+12,2.246812e+01
2.810166e+13,2.961199e+01
4.885110e+12,3.027600e+01
1.037424e+12,4.150064e+01
1.598165e+12,2.905237e+01
1.444742e+12,3.097161e+01
1.208789e+12,3.392120e+01
1.823153e+12,3.392308e+01
1.360433e+12,7.744718e+01
1.399476e+12,3.690755e+01
1.514662e+12,4.276133e+01
1.649940e+16,2.060796e+01
1.649940e+16,4.924726e+01
1.649940e+16,2.821327e+01
8.694041e+12,4.665420e+01
1.840903e+12,3.549054e+01
3.614612e+12,3.425316e+01
3.124711e+12,5.324983e+01
5.027734e+12,3.683144e+01
2.378258e+20,3.962367e+01
2.378258e+20,3.933768e+01
2.378258e+20,3.931058e+01
2.378258e+20,3.919364e+01
2.378258e+20,3.913302e+01
2.378258e+20,3.897258e+01
2.378258e+20,3.892474e+01
2.378258e+20,3.894596e+01
2.378258e+20,3.916281e+01
2.378258e+20,3.967264e+01
2.378258e+20,3.962353e+01
2.378258e+20,3.958782e+01
2.378258e+20,3.957772e+01
2.378258e+20,3.957259e+01
2.378258e+20,3.957455e+01
2.378258e+20,3.957831e+01
2.378258e+20,3.959053e+01
2.378258e+20,3.959888e+01
2.378258e+20,3.966325e+01
2.378258e+20,3.968016e+01
2.378258e+20,3.969136e+01
2.378258e+20,3.970260e+01
2.378258e+20,3.974519e+01
2.378258e+20,3.976407e+01
2.378258e+20,3.978127e+01
2.378258e+20,3.979204e+01
2.378258e+20,3.981215e+01
2.378258e+20,3.982155e+01
2.378258e+20,3.986207e+01
2.378258e+20,3.986488e+01
2.378258e+20,3.986674e+01
2.378258e+20,3.989369e+01
2.378258e+20,3.989689e+01
2.378258e+20,3.990058e+01
2.378258e+20,3.990493e+01
2.378258e+20,3.991412e+01
2.378258e+20,3.990854e+01
2.378258e+20,3.989898e+01
2.378258e+20,3.972785e+01
2.378258e+20,3.966189e+01
2.378258e+20,3.960634e+01
2.378258e+20,3.875250e+01
2.378258e+20,2.164686e+01
1.071734e+12,3.259122e+01
1.575598e+12,7.882424e+01
1.849740e+14,2.829872e+01
1.839267e+12,3.871918e+01
1.165210e+12,4.730553e+01
1.502650e+12,4.104992e+01
1.502650e+12,4.105104e+01
1.836206e+12,4.280853e+01
1.195325e+12,4.335770e+01
3.030636e+13,4.865900e+01
1.980424e+12,3.587404e+01
1.197577e+12,2.358318e+01
1.562120e+12,4.826049e+01
1.562120e+12,4.826055e+01
1.963397e+13,3.419404e+01
1.321073e+12,7.604443e+01
1.288320e+12,3.130013e+01
3.034415e+12,3.380063e+01
1.778493e+13,3.113263e+01
3.761370e+12,2.530841e+01
1.103049e+13,3.110524e+01
3.618724e+12,4.382762e+01
1.425408e+12,3.050597e+01
1.051578e+12,3.840052e+01
4.048915e+12,3.175416e+01
9.120161e+13,3.058354e+01
7.208791e+12,6.263800e+01
7.208791e+12,6.263761e+01
7.675620e+12,5.474644e+01
1.559999e+12,2.092687e+01
1.521617e+12,2.251596e+01
4.226116e+14,2.593143e+01
2.184622e+12,3.253588e+01
1.659306e+12,3.908595e+01
2.566484e+12,5.914658e+01
1.216776e+14,2.761852e+01
3.386712e+12,2.584262e+01
3.134750e+12,3.601193e+01
5.630469e+12,2.948299e+01
3.974464e+12,6.220873e+01
1.491396e+12,5.101158e+01
1.491396e+12,5.101191e+01
1.264509e+12,2.350743e+01
1.226143e+12,4.150467e+01
1.155417e+12,3.476002e+01
2.268795e+12,6.643135e+01
1.053131e+12,2.964555e+01
2.966786e+12,3.240920e+01
3.695153e+12,2.952296e+01
3.695153e+12,2.952191e+01
1.379999e+12,3.774203e+01
2.551423e+14,2.345650e+01
3.453863e+13,3.159672e+01
6.599511e+17,1.437138e+01
1.648705e+12,3.226710e+01
1.080508e+12,2.424971e+01
4.316570e+12,3.843064e+01
1.015881e+12,2.501023e+01
1.388682e+12,2.170221e+01
4.732090e+12,3.147295e+01
2.704807e+12,6.906987e+01
2.704807e+12,6.906397e+01
1.055327e+12,7.720999e+01
1.213923e+12,4.290092e+01
3.368262e+12,5.988252e+01
3.368262e+12,7.475071e+01
3.368262e+12,7.475073e+01
1.470099e+12,2.605600e+01
6.548609e+18,1.438008e+01
6.548609e+18,7.934666e+01
3.185700e+12,7.567129e+01
3.925234e+12,5.772157e+01
3.925234e+12,5.772137e+01
2.996826e+12,4.146493e+01
1.885365e+15,2.082422e+01
1.494997e+12,3.629494e+01
4.557042e+12,4.425159e+01
1.218327e+12,6.530568e+01
1.647099e+12,2.292746e+01
2.050142e+12,2.930824e+01
1.364068e+12,2.288618e+01
7.288555e+16,3.346276e+01
7.288555e+16,3.578163e+01
7.288555e+16,1.692796e+01
1.912932e+12,3.716925e+01
2.164364e+12,2.409806e+01
3.129600e+12,2.542865e+01
1.078518e+12,2.847309e+01
9.705533e+18,1.706350e+01
9.705533e+18,3.439213e+01
3.003448e+12,3.784744e+01
4.225216e+12,2.853177e+01
2.864275e+12,4.870983e+01
1.255728e+12,2.321795e+01
2.009754e+13,2.614384e+01
2.811620e+12,5.210143e+01
4.997122e+12,2.881906e+01
3.141786e+12,3.658723e+01
1.074900e+12,3.819932e+01
5.165639e+12,3.743862e+01
4.106964e+14,2.162399e+01
1.051854e+12,5.865103e+01
1.868826e+12,4.889682e+01
2.664231e+15,2.178272e+01
2.457874e+12,3.378935e+01
6.832506e+13,2.555000e+01
1.366683e+12,3.926108e+01
2.663653e+12,3.422718e+01
3.209251e+12,3.951121e+01
6.153502e+12,2.574138e+01
6.153502e+12,2.574138e+01
3.505990e+13,3.344604e+01
1.471619e+12,3.292546e+01
2.516533e+12,2.623268e+01
1.035780e+12,2.600025e+01
1.035780e+12,2.600037e+01
9.583101e+17,1.437034e+01
3.412174e+12,4.883390e+01
1.910755e+12,3.327865e+01
3.174613e+12,5.144595e+01
4.171737e+12,5.792374e+01
1.152725e+12,2.467674e+01
3.963828e+15,1.874317e+01
1.132247e+13,2.559874e+01
1.356316e+12,3.250262e+01
1.025231e+12,3.067590e+01
1.143526e+12,2.526316e+01
1.004523e+12,3.055029e+01
1.722546e+12,2.826747e+01
3.336101e+12,2.828481e+01
2.389012e+12,3.734775e+01
2.389012e+12,3.734745e+01
4.644547e+12,3.039008e+01
1.233910e+12,6.446300e+01
9.763769e+12,4.817245e+01
1.694772e+12,3.707607e+01
1.042787e+15,4.419259e+01
1.042787e+15,4.419216e+01
3.296951e+12,4.187881e+01
2.369953e+12,3.779267e+01
1.719531e+12,3.314080e+01
7.280982e+12,5.799734e+01
2.533374e+12,2.438327e+01
1.744632e+12,2.626106e+01
7.849264e+12,2.777173e+01
1.199846e+12,2.709167e+01
1.533212e+12,3.968055e+01
3.264591e+12,6.772577e+01
3.264591e+12,6.772758e+01
1.417925e+12,2.646753e+01
1.853235e+12,2.582416e+01
1.543860e+12,6.961981e+01
1.045648e+12,6.226918e+01
4.469790e+12,5.144496e+01
9.922750e+12,4.624830e+01
1.519825e+17,2.537896e+01
5.156699e+12,3.800983e+01
5.156699e+12,3.800998e+01
2.460904e+12,2.330691e+01
1.746842e+12,3.719270e+01
2.128465e+12,4.828888e+01
2.128465e+12,4.828733e+01
1.448536e+12,3.103827e+01
1.023008e+12,3.260117e+01
1.023008e+12,3.798667e+01
5.004812e+12,3.693286e+01
1.393195e+12,6.665911e+01
1.932198e+13,3.206613e+01
4.275015e+12,6.167447e+01
1.215341e+12,5.975204e+01
5.728133e+12,6.136108e+01
1.581544e+12,3.003011e+01
1.489392e+12,3.185181e+01
2.409504e+12,2.816487e+01
1.640925e+12,3.192987e+01
1.373484e+12,3.715074e+01
1.917115e+12,3.794980e+01
1.202493e+14,3.029971e+01
4.664481e+12,3.466216e+01
1.348864e+14,5.031371e+01
2.259821e+12,5.842442e+01
1.137720e+16,2.009389e+01
1.137720e+16,2.070614e+01
1.406954e+12,3.270265e+01
6.260861e+18,1.431746e+01
6.260861e+18,1.352084e+01
2.547680e+12,2.241570e+01
1.113733e+12,2.885484e+01
1.137770e+12,3.118304e+01
1.875680e+12,4.841439e+01
4.100352e+15,2.585764e+01
4.100352e+15,2.585773e+01
2.274415e+12,3.119306e+01
1.795171e+12,2.979033e+01
1.193403e+13,3.542499e+01
1.037892e+12,5.479225e+01
1.780454e+13,3.401723e+01
1.501734e+12,2.814964e+01
3.142119e+12,2.652586e+01
1.542575e+12,3.985575e+01
2.645446e+12,6.117375e+01
1.930826e+13,2.494080e+01
3.732641e+12,5.204981e+01
1.826121e+12,5.102233e+01
3.146462e+12,5.738174e+01
5.840205e+15,1.672193e+01
1.700750e+12,6.252443e+01
1.700750e+12,3.244155e+01
1.341954e+12,3.100741e+01
1.088709e+12,4.556284e+01
2.293267e+12,6.318983e+01
1.050046e+12,5.782986e+01
1.050046e+12,5.782579e+01
1.177173e+12,3.376567e+01
4.602331e+12,2.933978e+01
2.043623e+16,1.792255e+01
2.043623e+16,6.150916e+01
2.285173e+12,5.212109e+01
3.701784e+12,3.020143e+01
4.591183e+12,3.394862e+01
1.076488e+12,3.418850e+01
5.515925e+12,3.813922e+01
2.515019e+12,3.361904e+01
1.312733e+12,2.501319e+01
1.202145e+15,1.950072e+01
1.025668e+12,4.157212e+01
1.213388e+12,4.857926e+01
1.484849e+12,3.063511e+01
1.974755e+12,4.657031e+01
1.452600e+12,6.934614e+01
4.293322e+12,3.957400e+01
1.048152e+12,2.400584e+01
1.782531e+12,5.708467e+01
7.223066e+12,3.351867e+01
5.152947e+12,5.486809e+01
5.152947e+12,5.486821e+01
1.012319e+12,4.822530e+01
1.096955e+12,3.317461e+01
1.029943e+12,3.396841e+01
1.817526e+12,3.639405e+01
9.107093e+17,1.478899e+01
9.107093e+17,3.648791e+01
1.876073e+15,1.889603e+01
1.333349e+12,2.417039e+01
2.122243e+12,6.723136e+01
1.975121e+14,2.508146e+01
1.556544e+12,3.928102e+01
2.392971e+12,3.854923e+01
1.296635e+14,3.084923e+01
4.910616e+12,3.512652e+01
3.306353e+12,2.542774e+01
2.223317e+13,2.972797e+01
1.365351e+12,2.452838e+01
1.363433e+12,2.684214e+01
8.178827e+12,4.034862e+01
4.061244e+14,2.473189e+01
4.061244e+14,2.473185e+01
1.486129e+12,2.882464e+01
1.242485e+12,5.335267e+01
1.242485e+12,5.335262e+01
1.294750e+13,3.128528e+01
1.589977e+12,3.171971e+01
1.402336e+12,2.630234e+01
1.058793e+12,2.394036e+01
2.616673e+13,4.264634e+01
2.616673e+13,4.264757e+01
4.134087e+14,3.091207e+01
1.175178e+12,6.282438e+01
1.074660e+12,4.796464e+01
1.074660e+12,4.797951e+01
9.831580e+13,3.117201e+01
1.264316e+17,1.552837e+01
1.349478e+12,4.947212e+01
1.614888e+14,2.732272e+01
1.067934e+13,5.383115e+01
1.962280e+12,4.440050e+01
1.155775e+12,7.583344e+01
